id,prediction
0,-0.0
1,-0.0
2,0.2245935168563024
3,57.6599173157607
4,215.20397171745918
5,711.947421739651
6,1606.9859285506564
7,2916.971756294741
8,3054.910231236871
9,2896.7343251688635
10,2588.7532618447513
11,2609.200430745002
12,2578.3174977955678
13,2234.0107488463145
14,2025.3390689182472
15,1407.1035054982813
16,1200.442232284635
17,526.0873520435907
18,244.87770215524742
19,-0.0
20,0.01171116562163076
21,0.01938266723346745
22,-0.0
23,0.05729462837099107
24,-0.0
25,-0.0
26,0.20637860764219396
27,175.31367034229544
28,582.3318959161671
29,1136.4333169504412
30,1542.610547190698
31,2103.5080444726327
32,3686.7017981214335
33,4263.337173963807
34,3925.9482986409357
35,3979.270257352496
36,3965.971210071329
37,3525.0352064506374
38,3198.720294293566
39,3091.1759373813616
40,1988.2996224038507
41,918.1918948017685
42,471.6523869899062
43,77.07340064390915
44,4.251397640680323
45,4.58651296065758
46,0.4894103979087856
47,0.055289458030149834
48,0.31897352348858365
49,-0.0
50,17.98545359191165
51,240.88601521947882
52,572.9531041478133
53,1430.9600776613854
54,3079.7014882927406
55,3808.546925114162
56,4600.705614724552
57,4811.9973648752
58,4638.199537826423
59,4541.980570726937
60,4106.134034108569
61,3937.169278492726
62,3104.757621587006
63,2293.4381774037397
64,1224.4203933975596
65,614.1731526556323
66,356.13782202890803
67,129.3067938536676
68,0.20118317402269753
69,0.5673327118670868
70,0.6085547848738059
71,1.3416290961399011
72,-0.0
73,-0.0
74,37.141909269887634
75,195.33362590084081
76,407.6087901902233
77,1255.5439810562953
78,2940.92244825036
79,3727.809719161731
80,4363.38357949613
81,3798.159987531149
82,2901.079698594975
83,3212.3684251696905
84,3691.8815928491563
85,2541.9814472510147
86,3178.609500121693
87,3136.2573730137115
88,2063.705136639981
89,801.3196430779418
90,439.4708297279413
91,140.7803369870669
92,2.5445631883742226
93,1.295455460890275
94,-0.0
95,-0.0
96,0.06437631164112091
97,0.8743864753811652
98,58.75815782159503
99,255.91625779915924
100,586.2848472009174
101,1407.051305558145
102,2799.0190793338525
103,3656.6420561214964
104,4298.012726402615
105,4615.976161073258
106,4568.45051459799
107,5015.216332876247
108,4734.617134698078
109,3882.887789227425
110,3403.5108031562095
111,2923.2684348738226
112,1932.7234762703436
113,970.0845951127271
114,385.84432033787834
115,169.07136206975417
116,15.910950168390459
117,0.1885565756625054
118,-0.0
119,0.5143578412446227
120,0.2763869304897224
121,1.4722949472252782
122,131.85744594334685
123,288.42492616260927
124,580.8698506872399
125,1482.5833761509664
126,3067.2434918382555
127,3739.9542566884866
128,4065.1542527961988
129,3815.731782758299
130,3187.4581392913883
131,3285.3902138097815
132,3271.060875778364
133,3265.76117065804
134,3313.8268103438218
135,2425.7150037634883
136,1508.8309184061313
137,901.4231608323455
138,499.78143263100213
139,181.56231399541073
140,18.0530458436731
141,-0.0
142,0.20564951951287347
143,0.42533053432150636
144,0.3096461486160912
145,1.3291883306182406
146,91.0145585010933
147,265.538611247404
148,568.0617236531526
149,1685.01397310626
150,2993.4457606487163
151,3940.3380107781627
152,4404.884247245329
153,4819.967337869953
154,4193.057950747926
155,4301.207173377812
156,3633.7421914067577
157,3546.3438096353784
158,3151.5498180464997
159,2571.070247723205
160,1355.8264882747117
161,808.1047888173384
162,407.67294253674106
163,173.20673220489783
164,12.736341321489192
165,1.709533206831735
166,0.49963997996065157
167,0.20970465836496602
168,0.8415197198083361
169,5.157406073334069
170,4.416031587215575
171,61.271391926973166
172,141.4120919920565
173,250.41035312405418
174,263.431820769034
175,485.01865510965416
176,686.5402375568679
177,781.8814341034139
178,1295.4142700150408
179,1469.1476157340378
180,2057.805599129179
181,2803.2671221479227
182,2114.3528033130565
183,1902.3553158097845
184,1168.2720229535453
185,599.0104614520911
186,400.45380651555075
187,155.08238201819256
188,13.0688358194344
189,0.32987028244772987
190,0.10197329969793063
191,0.07530696224435374
192,0.16584418323503664
193,-0.0
194,77.28949498256821
195,178.0120703395176
196,412.43340780824866
197,795.9551049453135
198,1404.8017609692404
199,1949.3614369623888
200,2225.4474743604833
201,2260.5662737290527
202,2470.6261966083207
203,1609.811840336905
204,2174.7025313867102
205,2991.3219983573367
206,2719.2081303465575
207,1666.8787559517152
208,707.1997615926193
209,443.20793048157617
210,242.08157984335617
211,54.79386838401054
212,0.5976695853015176
213,0.950975427010987
214,-0.0
215,-0.0
216,0.0817779768548142
217,0.40531957332956414
218,73.89141893661622
219,83.85858362194801
220,174.71954692320145
221,342.78120296580636
222,624.7103345071503
223,956.252333575837
224,1722.0671295360253
225,1662.7194075519358
226,1397.9342726995603
227,1469.6502245072143
228,1155.2992815819352
229,1221.765812269006
230,1082.1466943893856
231,807.6090686799022
232,577.443630345864
233,244.87285368095127
234,211.04300282199867
235,37.93594501130385
236,12.576983558733433
237,-0.0
238,-0.0
239,-0.0
240,-0.0
241,0.25367499003818583
242,28.4699035839303
243,96.79487536269875
244,312.6463427638416
245,736.3869696619612
246,1107.8408781703704
247,1998.531058919929
248,1389.1537898253168
249,1349.4664149353925
250,1276.5083337567596
251,1563.4011800249223
252,1827.172809240531
253,1599.8945444532171
254,1863.6201768150406
255,2102.0114721251516
256,1331.9281826075794
257,1224.89283867498
258,552.0513264914329
259,252.52334977869478
260,75.32663250863583
261,2.234684554646954
262,0.4087264520496101
263,0.03833995468624279
264,-0.0
265,0.6454495670185505
266,66.92466255087267
267,186.85795369714685
268,399.4444568048539
269,744.7240723717637
270,919.2360445973667
271,1171.028579989952
272,2076.504899811624
273,2342.65577580151
274,1656.2309911053678
275,2122.029893808348
276,1977.536340788423
277,1912.3543059645456
278,1584.597376904203
279,1512.0290253609817
280,738.4838635270015
281,323.91241967266905
282,123.83546394990475
283,41.944328002805044
284,-0.0
285,-0.0
286,-0.0
287,9.829337393990393
288,-0.0
289,-0.0
290,104.91675079319428
291,199.3150954535681
292,449.37623706965365
293,925.9982840832893
294,1160.639997646823
295,1742.1413937988407
296,1673.39256436429
297,2424.645963936882
298,4226.984894665371
299,3463.668268381665
300,2036.423941766971
301,2284.67924452131
302,1243.6645948264322
303,1760.5555828418649
304,746.3881195518978
305,515.0525692974963
306,344.8418424544187
307,142.6493145646535
308,29.74998740606564
309,-0.0
310,0.12492573943437832
311,0.5010295744269119
312,0.22292718960929953
313,1.3638037657926387
314,56.15978388082335
315,239.76253553885505
316,496.92975693305084
317,661.9421977666078
318,1036.8269811800712
319,1453.6508984107836
320,2766.5248943006955
321,2666.1161024095363
322,2807.965707944902
323,3127.478745812829
324,2464.8417984505436
325,1753.1602347171556
326,1142.8449999461868
327,696.8786660924552
328,451.79444436506685
329,353.8730302970208
330,124.2009093685261
331,91.75390812039714
332,19.389364170977412
333,-0.0
334,-0.0
335,-0.0
336,0.064207726354661
337,1.1392599305986169
338,26.303310165049606
339,104.49982019057397
340,290.5064388428009
341,415.167829357746
342,852.0816222390839
343,957.4600950646239
344,1133.786860451963
345,1451.042593556262
346,1743.687162631955
347,2283.4546238644334
348,1519.0120136188891
349,1571.4128339337024
350,1056.8515095159742
351,1498.5918247663888
352,720.9449894927094
353,456.3446060403446
354,257.4891255649671
355,107.88275089120012
356,15.76256305908827
357,-0.0
358,-0.0
359,0.17304228103441227
360,0.5988249951807996
361,2.316257047372654
362,52.89562143324593
363,184.11756457837996
364,333.1989255505869
365,581.7368474213441
366,809.8024862709577
367,1269.93237907155
368,1571.6058335306814
369,1580.1282176851992
370,1854.5540093270413
371,2019.650159471727
372,2063.9311904554957
373,2306.9101437014624
374,959.5863952636989
375,954.7294322620054
376,710.3233899600151
377,644.885719607237
378,430.7407789648434
379,155.11067544740513
380,22.730010897070084
381,-0.0
382,-0.0
383,-0.0
384,-0.0
385,-0.0
386,33.69309399749176
387,150.66745899928858
388,289.80670114021206
389,474.7834983136237
390,583.0244712211169
391,892.4544755708787
392,1016.4425973822893
393,1510.1353078289073
394,1740.5708093754515
395,1780.6975333451776
396,2084.5060417986497
397,1877.6876752751666
398,1128.1745488657093
399,836.0317834607206
400,704.6641140199854
401,529.0562734245066
402,347.4803651094439
403,282.17443498879214
404,55.82198445454728
405,1.8733837066725723
406,-0.0
407,0.6675739169074855
408,7.524742451731723
409,13.646463506843753
410,287.72239129936725
411,536.3469915433053
412,1057.8991490362278
413,1880.8638842343923
414,3330.681304960438
415,3712.2640449528753
416,4885.9325734955555
417,4887.364836740285
418,4945.508070198315
419,4049.7529018337304
420,4658.001088519317
421,4214.918204275344
422,3608.486719852954
423,3051.941558021216
424,2359.1629933389163
425,1112.2552394933962
426,540.2859581320224
427,354.5629656957631
428,113.4277460967542
429,2.8014372456791437
430,-0.0
431,-0.0
432,0.747536892623782
433,8.720103705651342
434,171.96377088125024
435,368.0990152668191
436,564.2286634343837
437,1541.354236895391
438,2278.603807923498
439,2967.265751540023
440,3736.5620122115733
441,4512.168277302289
442,4000.6489696175545
443,2672.1001877563513
444,1451.2321200047215
445,1758.2614905580108
446,1168.1335672460325
447,1376.388227315178
448,995.4249585078387
449,571.6393257084632
450,278.202907791749
451,156.80412026906353
452,44.766826963328874
453,2.6615363353730825
454,10.585738667601008
455,0.801083827821933
456,37.648236833123846
457,5.358389341058889
458,183.7561119582409
459,191.34284071839446
460,350.3015518035505
461,907.1582373525482
462,2404.045736605142
463,3274.8928629250004
464,3515.9209253740983
465,3485.4512126826153
466,4883.714940943752
467,4111.36875840263
468,4394.351129095417
469,4035.8282837994097
470,3542.075004586146
471,2886.0077697476627
472,2078.310749049561
473,1246.4144232042395
474,729.5951364475723
475,360.2797349490682
476,145.32917987596142
477,5.944901814326734
478,0.7489518609557926
479,-0.0
480,15.744354460587067
481,34.33314976140461
482,100.36614323386004
483,262.16954756946205
484,592.288091126811
485,1166.5579787192341
486,3008.624767245838
487,3872.109834716695
488,4780.206055192833
489,4621.045973485246
490,5143.936455119789
491,5270.557609386752
492,4710.8493520781885
493,4294.486681565342
494,3502.0665624984504
495,2869.855804142351
496,2119.061689689243
497,1288.1135102629148
498,679.0127195910438
499,378.2274019581196
500,144.44925639758168
501,4.794338849009962
502,-0.0
503,0.7152454201530282
504,-0.0
505,12.78098567038379
506,151.97677720122658
507,213.31509119037665
508,746.1534260611289
509,1375.1382344079525
510,2475.7431464965393
511,3716.3952533382762
512,4414.717005969563
513,4560.438886103439
514,4660.182127320197
515,3954.7593377011567
516,3677.9773546826614
517,3916.9406498825424
518,3318.2840354461187
519,1724.5681361264876
520,1463.1902320167353
521,1157.725060403349
522,362.5209230790997
523,242.54091190411717
524,87.06111473251451
525,-0.0
526,-0.0
527,-0.0
528,30.74631283940043
529,84.06266605320315
530,70.80863635098194
531,188.77044381998948
532,278.61089494783107
533,739.8476184438761
534,731.7153951036697
535,1422.1318132954782
536,1224.469907202516
537,909.4565423223097
538,1472.393102220933
539,2907.19850306656
540,3239.4688746677566
541,3458.2367301991258
542,3056.6541217676945
543,2055.1244598935978
544,2039.589400169648
545,923.9287685149123
546,513.932162865737
547,274.0322386258556
548,92.4437705447479
549,-0.0
550,4.094283924249557
551,-0.0
552,-0.0
553,-0.0
554,-0.0
555,-0.0
556,106.2369183709072
557,281.16202091494245
558,435.53668278784545
559,692.6327382899423
560,1288.1097633821316
561,1153.0269742243552
562,1156.6278800725531
563,1281.5155104154437
564,1293.7586356503466
565,1708.9089435340313
566,1707.531614425684
567,2265.7393359133152
568,1802.435459944283
569,1083.3687303794716
570,505.26098115247345
571,179.3501158873131
572,37.53700722437995
573,-0.0
574,-0.0
575,0.10088820254471548
576,2.60307742906033
577,22.33097992361285
578,106.20757998722632
579,376.63066667854986
580,665.1130738168919
581,1570.391754563736
582,2751.1529949810238
583,3696.2955025625806
584,4466.079575650954
585,4962.055026170854
586,4704.671533578576
587,4447.894280244557
588,3849.5106214752946
589,3356.5329928878077
590,2582.4488058473535
591,1856.7665056918806
592,1366.764283464463
593,789.9278143407882
594,401.0973422431571
595,274.6009313959614
596,114.12248754923635
597,49.456089397710706
598,39.11413823249993
599,45.24866590692596
600,-0.0
601,-0.0
602,84.42447874451159
603,293.34917758045776
604,735.7985224585597
605,1512.8570488297305
606,2502.5191614822284
607,3620.1310820402423
608,4679.988471615707
609,3503.409132971566
610,3776.4517158396075
611,4060.0640806154734
612,4500.608762937166
613,4263.577043554393
614,3487.739242233164
615,1859.1120870065122
616,1389.125980472149
617,899.1085645037261
618,573.2179333677317
619,370.67163458590676
620,106.21080323239202
621,8.115181640686357
622,0.6519015717611522
623,0.19119560332368438
624,9.994479125177222
625,3.8031652860194525
626,102.0808526358087
627,273.9417023000561
628,367.61944132954795
629,472.2550496173657
630,690.1473190477238
631,1355.5948912774247
632,903.0161380906274
633,1290.8658763901656
634,1806.2094979927235
635,1089.347013826043
636,1254.4211550455761
637,1249.6545750751689
638,836.0156283870256
639,1051.6717443389168
640,767.2369963370211
641,475.7380716369633
642,273.9097850216576
643,37.28719679490021
644,16.802115093110103
645,4.257057191309438
646,7.400765022470362
647,2.8118822522430307
648,27.42455077982909
649,47.74454867325437
650,32.55656445943761
651,65.52138551721403
652,93.64914676556253
653,231.02878194843052
654,382.9805319807814
655,667.8240181516651
656,603.3250443688006
657,728.6862810002533
658,908.2929810539838
659,813.5556873727684
660,705.1407063036665
661,808.3019394824618
662,873.4447306409253
663,788.0828925893833
664,515.971023787233
665,335.2792094991081
666,161.57278227812344
667,125.0198443935161
668,14.1996774980353
669,0.8366644339531604
670,-0.0
671,-0.0
672,-0.0
673,13.146043790357378
674,100.94533819590339
675,303.38454363724605
676,761.61938113404
677,1232.263083928799
678,1933.8730306106634
679,2899.937997596566
680,3819.0199691337743
681,3247.7994848567864
682,4016.4178130989517
683,4261.741530034406
684,3636.826224729854
685,3472.5745899123735
686,2393.3260505573353
687,2124.87801050897
688,1481.4473936936167
689,807.4487591136381
690,573.8668712284176
691,319.3915305610973
692,110.26993536176974
693,74.73526219255298
694,48.59390653764863
695,-0.0
696,51.42731078240498
697,90.94251751197443
698,66.47095096514221
699,182.81204749064017
700,448.3684874008902
701,334.03826089225316
702,325.0362622859813
703,453.0873997166548
704,544.1654675734246
705,2648.824105831733
706,2655.000865970432
707,3273.1240161338587
708,3399.1084347088954
709,3134.6790760991753
710,1397.598132159915
711,686.1383195870319
712,502.92841465259113
713,548.426854906641
714,459.258501464713
715,213.78177253070595
716,40.55272354623982
717,-0.0
718,-0.0
719,-0.0
720,0.06938181157092349
721,0.07639833034522805
722,0.1842835037116064
723,40.05115117959
724,43.838314239350936
725,207.86904282224808
726,304.68203627195396
727,513.7346388945361
728,645.6077886061564
729,530.0704681419738
730,289.80491234439967
731,693.0176795618257
732,574.1798511873836
733,397.8640449063717
734,337.362498909165
735,247.0804405104199
736,240.65222553947183
737,169.23245505632508
738,27.945456763656825
739,-0.0
740,0.08658221468955135
741,0.053910905439213064
742,0.06540252931044853
743,0.05422388434467071
744,-0.0
745,-0.0
746,0.18754369867793036
747,9.76448323531846
748,76.09775926377087
749,160.84738006710083
750,153.49225601532856
751,133.10210190452705
752,805.668198214759
753,1280.61459454741
754,1025.0526414698418
755,838.0577193663122
756,500.5441940869062
757,610.3424005245846
758,560.4929798648517
759,292.0118052825343
760,310.10633143635306
761,132.5762852029601
762,48.996901875990545
763,25.92128997155203
764,4.919380772199198
765,4.135530562075154
766,0.5561353377842754
767,0.18958618306960134
768,0.5547489380162122
769,0.7678588495941311
770,-0.0
771,53.98985103154408
772,111.78760233369152
773,142.93589219754756
774,520.1401257926722
775,538.8034430720088
776,859.7355291921984
777,758.0028215690721
778,839.5126436187467
779,912.192095299201
780,712.0900860079012
781,706.3437077420673
782,603.2347322623378
783,294.71436933742405
784,206.47905460501235
785,156.96979548356728
786,38.63913552344807
787,34.851547311820916
788,5.908298608524222
789,0.10772650939894031
790,-0.0
791,0.3917981117479772
792,-0.0
793,0.053351456072617175
794,27.110839755480985
795,68.67047700682582
796,97.65203543054089
797,199.65354808058436
798,322.7723399969127
799,463.86954604413756
800,660.368468943094
801,601.7901930642201
802,466.4930138509228
803,650.3062703293219
804,1155.3088632559347
805,524.4333535464506
806,599.1784979097713
807,515.8635646983441
808,326.03413833341875
809,118.69778885769917
810,81.34166128119008
811,23.568279675457266
812,1.547304407020173
813,1.0583811642998835
814,3.0648749719334596
815,-0.0
816,0.18731725351655293
817,-0.0
818,20.798795062753108
819,62.480275396429555
820,235.6991546482768
821,528.6937891920228
822,560.8694383448889
823,572.6058776602841
824,363.01225709653806
825,793.9421749226294
826,502.4824746009111
827,943.1347482092261
828,992.8119295024145
829,897.0366318960369
830,554.7602887916565
831,475.9696363908941
832,303.800156726418
833,130.3835138428103
834,104.49261676126623
835,49.73796517412532
836,-0.0
837,2.8610532786872667
838,0.28387651259985536
839,0.9064365169769194
840,0.884032901119662
841,0.5470860677879082
842,45.81548519219426
843,88.39126905215035
844,182.7044410147237
845,358.75361183970705
846,390.2239166936948
847,536.5830124569108
848,492.3915369021215
849,741.3009229362298
850,558.9201361604437
851,837.5967531975035
852,733.4064460543091
853,810.9499149336733
854,621.7014141040445
855,215.1504931037978
856,245.67992937071833
857,105.03343572258258
858,138.71873471910874
859,36.21912055941397
860,-0.0
861,-0.0
862,0.5055708198677275
863,0.4691682704089314
864,0.6204662368028339
865,0.25978546175988415
866,10.829471850215059
867,69.07335502854792
868,166.16951660175113
869,328.04601880357626
870,408.19351865422846
871,625.1044396185756
872,645.4260790940534
873,861.1593466696135
874,891.3291035536463
875,851.610391882599
876,712.578847754628
877,896.391762977868
878,630.4639707008919
879,400.6792782531866
880,217.90647146852126
881,179.18282468101987
882,96.3954201368971
883,20.11617360745215
884,-0.0
885,2.2465281864260196
886,0.8126292363416806
887,0.2099364679515949
888,0.16799239819976045
889,5.59277570996034
890,2.153049495567389
891,8.535685505108795
892,44.21806667939787
893,41.041249157350244
894,-0.0
895,26.115096684732173
896,272.1721640343127
897,313.6980591175614
898,680.2349123715533
899,760.4151690627991
900,546.1471324704495
901,965.617437243866
902,577.5787439378678
903,250.7596828930708
904,174.96346347295082
905,112.07921681521236
906,33.21716211853989
907,12.98180734269228
908,-0.0
909,0.4806498191005558
910,0.3091820203237601
911,0.24652206464912213
912,0.3020143632712482
913,0.6301680370846736
914,10.136848971839296
915,23.505427164403965
916,105.77912476407178
917,199.53220076789628
918,214.52358609892613
919,395.4281520764807
920,656.2408027119935
921,551.4649278955263
922,349.9732122883579
923,85.38160659165702
924,362.45384391547475
925,816.523871970843
926,726.0321460229661
927,466.30518901204476
928,259.1204760379846
929,143.63772036090288
930,91.79407811442375
931,37.40836181358473
932,-0.0
933,1.3491534198718818
934,0.39818294899229
935,-0.0
936,0.4481757413428824
937,0.5839347542107851
938,44.4563896049286
939,26.224939860745174
940,65.55466393023482
941,104.28206615112464
942,208.50894241814075
943,207.96547491590522
944,433.4226587936084
945,597.2966243929884
946,502.7600874910755
947,509.3861647397404
948,359.6187834925865
949,443.74212234792833
950,368.03042232243416
951,198.16756787892683
952,316.7485495569691
953,44.12141397871781
954,116.16988573305188
955,34.234586974372895
956,12.144901692837662
957,0.36015801927589425
958,0.11715037743626577
959,0.08453949495175808
960,0.07478802949766061
961,0.38428006944818394
962,5.894181766879721
963,39.51890660992778
964,108.89122497844632
965,284.7861039426847
966,264.42456922025315
967,405.87911651696857
968,-0.0
969,530.4553890437239
970,465.0232525547439
971,543.2157533888087
972,510.90402764500885
973,352.4072425163826
974,525.5011425013083
975,712.1494836726413
976,143.0513549035329
977,263.6073475565506
978,132.09792475811295
979,20.68800725928909
980,19.73335565742041
981,2.0756201995850807
982,0.3088787760841578
983,0.15628262447773766
984,0.7733323473324518
985,0.5697097794068764
986,9.356406990227912
987,31.04068664197078
988,76.64767269168726
989,105.95634100546678
990,63.84347564789935
991,2.2083819755330834
992,490.95373810429265
993,859.800857850526
994,475.6092884873511
995,415.1247441983627
996,499.361107979713
997,677.3832233726697
998,326.09336478044804
999,130.44014635116665
1000,152.9614440476861
1001,30.058663645244685
1002,4.911027730155271
1003,-0.0
1004,-0.0
1005,-0.0
1006,-0.0
1007,9.784144673096119
1008,0.174214029946119
1009,-0.0
1010,6.1342388564979995
1011,37.92674800820219
1012,104.09914379595173
1013,440.61450663909676
1014,402.9625174749096
1015,328.5065784800906
1016,237.36519782959354
1017,1088.5799844214114
1018,2217.313794577143
1019,1590.2252977877504
1020,1044.5820498283579
1021,936.9448770256777
1022,359.1057290041676
1023,856.6497511608243
1024,183.70478092523604
1025,113.5310174873465
1026,40.428476362165554
1027,17.819718150368857
1028,-0.0
1029,0.13148205076660197
1030,0.3705892782395661
1031,0.8964855163004192
1032,0.44613140073205615
1033,1.0854326118977815
1034,7.535788073095789
1035,52.93392580837001
1036,83.15147874061167
1037,71.69195775699518
1038,82.92811786157067
1039,204.43581450972835
1040,1168.8881355344333
1041,1058.3315948458776
1042,982.957276814174
1043,1335.8279520072706
1044,1262.0141250203424
1045,596.579387179402
1046,487.17472757049893
1047,90.96170497279799
1048,94.24134879014169
1049,80.08363893852268
1050,21.792461827646047
1051,44.945372091545735
1052,6.414590063551562
1053,-0.0
1054,-0.0
1055,0.1559601214407695
1056,0.3775917305581672
1057,0.5257339512615486
1058,8.158079349195603
1059,38.11001293534394
1060,74.41455624248121
1061,72.09713092880553
1062,178.39003144885407
1063,193.6486659622144
1064,239.57005384600697
1065,544.5804635204116
1066,820.2861549314082
1067,1215.7803177958185
1068,561.347615328537
1069,795.7849068082786
1070,330.79306196188037
1071,719.0548580591429
1072,207.27310641835703
1073,121.50456015202688
1074,102.60183028372185
1075,37.72922770514249
1076,-0.0
1077,-0.0
1078,0.016363229001099905
1079,0.5437044480954629
1080,1.0270155622812414
1081,1.4849064435217685
1082,7.997434171151887
1083,43.4756620604403
1084,97.34970197607254
1085,190.5419718275649
1086,191.81195219204568
1087,184.7298189318746
1088,490.8734367692237
1089,524.1656846628008
1090,632.8102461508967
1091,631.0486297067434
1092,952.2631365058762
1093,682.8560057104663
1094,257.2716090761259
1095,-0.0
1096,189.51495992897526
1097,129.05180807828197
1098,125.08054124457661
1099,43.50567720347669
1100,6.041601206243717
1101,-0.0
1102,0.09066118181917496
1103,0.26378599280855963
1104,-0.0
1105,17.11504566439917
1106,12.44993756566447
1107,88.34379003622351
1108,70.61728661909929
1109,136.9566849194279
1110,48.34885880324626
1111,219.73405997620415
1112,328.84874919939995
1113,720.0090540930306
1114,772.3208063659016
1115,866.9682342260049
1116,1003.2531183996435
1117,415.81378321706967
1118,311.4072802274363
1119,76.64804127228659
1120,148.8371740263755
1121,87.86778103050085
1122,87.85536851873714
1123,22.60281134314744
1124,4.251085939319928
1125,1.8018053470565911
1126,-0.0
1127,0.07468749112885809
1128,6.363263769877946
1129,-0.0
1130,-0.0
1131,19.16463769178419
1132,284.24940733063096
1133,336.01346786953843
1134,433.7844384587411
1135,583.2981049736674
1136,734.2174050450192
1137,1181.2616126686573
1138,900.8002227808153
1139,1053.629931145892
1140,934.1205551873162
1141,783.5619223211374
1142,631.43500112275
1143,581.1165253509575
1144,400.31830778463376
1145,328.73244868406607
1146,123.77942526308905
1147,58.1530417020644
1148,29.500768860946483
1149,-0.0
1150,-0.0
1151,-0.0
1152,14.37730367543274
1153,26.191412863702027
1154,69.80721155140749
1155,96.72746332678997
1156,216.13962618580246
1157,411.039476839101
1158,419.58086371303506
1159,366.54671410931275
1160,815.3360799805458
1161,883.2663973065806
1162,629.4659614580272
1163,463.8437168838462
1164,364.24909290550187
1165,694.6505479383919
1166,418.2498123974365
1167,481.3910015632428
1168,207.44506758918038
1169,26.16200616550829
1170,90.77421174238879
1171,51.303289125967694
1172,4.820126835914937
1173,2.443340778854609
1174,20.440472802936068
1175,14.926534206813956
1176,52.875719876359845
1177,76.317979186042
1178,149.38625809433063
1179,64.78513944227113
1180,43.81085982215412
1181,220.4684984548678
1182,364.54829852978554
1183,727.1743172164081
1184,573.1314013424068
1185,804.776123844641
1186,974.9645803853743
1187,593.482642272535
1188,233.32396775511924
1189,622.9920501040198
1190,396.110406408951
1191,314.90324714031306
1192,282.9029414464586
1193,252.3347686571333
1194,154.6845055546503
1195,83.15901754600539
1196,65.05396342209373
1197,0.7750664962686049
1198,15.292855892551538
1199,13.052997302218559
1200,15.352113579918276
1201,16.623016888423873
1202,51.20913021566265
1203,92.04157014406152
1204,134.34908834431607
1205,87.12428719249122
1206,580.042070013423
1207,538.1988200032511
1208,570.2725253659538
1209,571.6313041133296
1210,971.1806881298058
1211,1046.9837445947928
1212,723.4523566927419
1213,611.4218731292516
1214,541.3386638618975
1215,521.5590014744582
1216,374.45051283193123
1217,225.97674970886584
1218,129.70980670907622
1219,91.96690012509205
1220,53.80906858282967
1221,-0.0
1222,-0.0
1223,0.31533841059243284
1224,-0.0
1225,3.2961083763185153
1226,44.9724394857291
1227,47.297217852097646
1228,203.68299350432034
1229,423.95368581426607
1230,132.52353721735355
1231,716.2524135853953
1232,740.189949813771
1233,673.1171251843778
1234,920.4613914633484
1235,479.45620832789575
1236,666.3430302959256
1237,688.2527019072821
1238,733.4391208730021
1239,-0.0
1240,81.46539844643915
1241,277.9869225079572
1242,80.33191511375964
1243,56.000546575646915
1244,10.721435233243874
1245,-0.0
1246,-0.0
1247,1.2490212513985792
1248,32.407417039739784
1249,82.34820667742775
1250,47.56765892083201
1251,43.80243326043047
1252,54.701481679725276
1253,112.14096933843207
1254,-0.0
1255,477.9099294712472
1256,316.16220150686223
1257,270.1759855217337
1258,733.3707171390811
1259,734.1222600332658
1260,628.1705531219019
1261,664.7799361098208
1262,364.0757633186184
1263,207.43423628943765
1264,308.8615865748547
1265,186.63695020844995
1266,170.7577683086638
1267,60.35091425156503
1268,32.08453870908419
1269,-0.0
1270,3.922776417987411
1271,3.9733714736104306
1272,-0.0
1273,-0.0
1274,19.789237484061246
1275,-0.0
1276,16.72618676186824
1277,124.17542317957232
1278,103.12632672041407
1279,232.91651090315221
1280,262.5715974762211
1281,214.85176196888676
1282,298.7198343057991
1283,516.0282496336724
1284,701.2116870090911
1285,694.6806722512954
1286,357.48068895372836
1287,691.0025654509806
1288,92.45792566900377
1289,301.21694496424084
1290,135.90743056762614
1291,22.99153377673889
1292,7.839132592394108
1293,-0.0
1294,0.2522423150839798
1295,0.9029245571342817
1296,4.0924465880029155
1297,2.450123466355711
1298,41.07174978519488
1299,90.5782093088687
1300,160.82726779047027
1301,261.25649147643014
1302,467.0803168508689
1303,608.0856751928961
1304,581.1223032309891
1305,1142.4915400853768
1306,1250.5247699183797
1307,1039.7009244031074
1308,705.7785930693127
1309,363.9245521769413
1310,152.62250464946916
1311,290.8174147121928
1312,45.02949337505204
1313,63.96587625046749
1314,-0.0
1315,17.189638631953304
1316,50.283391283594675
1317,42.018246509417764
1318,90.56815516899788
1319,47.797018977712554
1320,-0.0
1321,-0.0
1322,24.33280173741291
1323,94.12021946894583
1324,166.8887823594916
1325,239.51910328730932
1326,159.10406961530393
1327,710.8500513082486
1328,953.257122388724
1329,662.6915130469165
1330,1032.9318083263965
1331,-0.0
1332,820.2988210462439
1333,707.5614137425986
1334,478.4938844646369
1335,-0.0
1336,195.99883522331535
1337,208.03398720934717
1338,207.27073761163982
1339,103.29021648340948
1340,17.474649818614118
1341,3.1086916823307753
1342,2.7491512371218567
1343,107.77671891007614
1344,11.671774265035513
1345,2.532866561111784
1346,11.200996758514247
1347,87.61170534621986
1348,118.4566647124051
1349,152.2284659640797
1350,143.22232337156262
1351,513.7697172031136
1352,115.949197764687
1353,272.42131240097007
1354,298.4380775924128
1355,338.52495550933105
1356,426.7524803324844
1357,342.4108166931274
1358,222.4042627379384
1359,395.02387060087216
1360,282.35563438502214
1361,207.43612455337086
1362,150.27410068871706
1363,11.571299006997103
1364,-0.0
1365,5.3979008401769475
1366,8.81060839112709
1367,3.546377324520255
1368,20.06479876229111
1369,31.342466230435974
1370,33.53702472637622
1371,24.476160028777997
1372,-0.0
1373,92.25994157032112
1374,54.11379193859198
1375,196.4237490764046
1376,207.70422930721543
1377,234.13168136339843
1378,230.77294094311478
1379,118.96315874335254
1380,107.83750068733808
1381,163.98839149553697
1382,293.89102077838197
1383,275.47795345799955
1384,91.83792640845134
1385,100.40284142414667
1386,53.6458440890253
1387,93.96402769341853
1388,-0.0
1389,-0.0
1390,-0.0
1391,0.015078987650677882
1392,-0.0
1393,2.6996203041985316
1394,32.16177543438257
1395,138.47553645312982
1396,60.58182669350548
1397,431.46407151110117
1398,67.17990474962112
1399,154.40723259044432
1400,882.8818902597764
1401,656.8470537134309
1402,579.950771391933
1403,950.0589652397849
1404,330.867683783555
1405,437.7321182204975
1406,265.8940769696927
1407,473.7562358953773
1408,298.40459093134996
1409,245.3992933988687
1410,141.27141888105695
1411,110.7225261324347
1412,19.949197461217306
1413,71.38656858633409
1414,68.19948171696686
1415,49.39578228441858
1416,51.832627352286785
1417,86.44575427930882
1418,32.50018102788436
1419,64.24938219338739
1420,202.86480721404092
1421,142.95871614051404
1422,21.30366303633673
1423,70.43675692399827
1424,-0.0
1425,278.8280406836185
1426,146.03178316256952
1427,492.6743642936892
1428,362.17707603141315
1429,875.2657551986257
1430,450.2419568806272
1431,227.0073855980117
1432,174.98593143154247
1433,137.06835244333888
1434,134.5155443619598
1435,27.30735499126438
1436,13.324523678458815
1437,-0.0
1438,-0.0
1439,-0.0
1440,-0.0
1441,-0.0
1442,0.1142263255871705
1443,8.085488077096636
1444,21.51389845270206
1445,151.51230763143602
1446,226.06043850597868
1447,488.7495454525345
1448,346.338945205795
1449,307.85443967930127
1450,322.0956005297607
1451,543.6536038007166
1452,294.7028161020672
1453,360.34689114873544
1454,383.4336169254359
1455,275.62458022173894
1456,216.53460903916462
1457,116.31728362412319
1458,40.32992328851023
1459,2.2233316906815666
1460,0.08695993271655578
1461,0.055946590504745985
1462,0.044875934719499244
1463,0.03584513520970166
1464,-0.0
1465,-0.0
1466,-0.0
1467,20.108398731982515
1468,58.30202434285328
1469,-0.0
1470,182.77156537870854
1471,293.9861467047918
1472,593.3946433530915
1473,691.4582814668695
1474,604.1189263714699
1475,578.893789809367
1476,951.1996292304476
1477,693.0632074918145
1478,798.0391034075632
1479,367.79787496992867
1480,269.00415062428016
1481,210.95879193247072
1482,79.01549021785408
1483,18.624088668637217
1484,0.49812598127779717
1485,1.188232006986787
1486,0.2843197530769369
1487,-0.0
1488,0.031225647075115742
1489,-0.0
1490,2.44813287902861
1491,40.610701480733795
1492,86.96402544567881
1493,209.40879721284196
1494,381.55474383061636
1495,513.4774677067677
1496,723.6302969029545
1497,816.0145255915363
1498,843.2124423898279
1499,1054.5369073431048
1500,740.405317390898
1501,745.8474996855114
1502,708.4709897658533
1503,355.19279787954287
1504,216.25282188672878
1505,157.63395197148108
1506,59.3056188506382
1507,20.583820386751164
1508,0.059035166712690275
1509,0.051282505642647545
1510,-0.0
1511,-0.0
1512,-0.0
1513,-0.0
1514,0.7342604083757812
1515,29.47358935525668
1516,78.09572925310127
1517,157.76154310966626
1518,269.7885855627258
1519,408.81497272813056
1520,310.43695357662244
1521,599.6770011067442
1522,541.4795502955643
1523,543.5449390466046
1524,598.9853085018682
1525,418.3216795177614
1526,607.9316129554082
1527,447.9980580479769
1528,295.2538511518965
1529,140.6962164914528
1530,47.91760867874274
1531,28.22602717965169
1532,-0.0
1533,-0.0
1534,-0.0
1535,-0.0
1536,0.4355094514974409
1537,0.10372617318126053
1538,12.565336694706609
1539,44.31108106157482
1540,140.0615597943446
1541,592.6700410064652
1542,323.3984466970867
1543,510.6762008707217
1544,512.2519189469924
1545,700.2307493263869
1546,708.7841167788285
1547,772.0672618665251
1548,821.8335760222046
1549,665.0128716572783
1550,609.7167029717405
1551,597.5440641084554
1552,327.6301510700509
1553,172.6944097364142
1554,101.93027150198563
1555,23.376748114565707
1556,1.823199008998197
1557,-0.0
1558,-0.0
1559,0.18211064363518784
1560,0.23971918148104424
1561,-0.0
1562,17.17246510257881
1563,36.827070906291674
1564,85.11161744034527
1565,166.51394766292162
1566,347.24083648665186
1567,421.4907934827853
1568,505.69927776024514
1569,619.6434292825901
1570,784.5101105575716
1571,796.2610028933965
1572,748.2791238643179
1573,627.9223573408344
1574,626.5648763506955
1575,387.5572938854372
1576,287.7734834966897
1577,147.20693962558732
1578,81.85347246906034
1579,26.800319039550793
1580,3.8749773193295947
1581,0.04840550777608429
1582,0.3482610557484528
1583,0.26436747984141984
1584,-0.0
1585,-0.0
1586,4.17594083205538
1587,35.87892360806264
1588,110.90294383809986
1589,198.43128804290401
1590,372.00218608126534
1591,600.1529814884927
1592,659.1373789275558
1593,755.8417306007091
1594,760.9373918062025
1595,742.2391416337289
1596,780.2549502034921
1597,723.0791753077685
1598,651.9425256062573
1599,453.01729181485666
1600,241.14757871150857
1601,192.85724308105623
1602,76.96641400840649
1603,32.97727119787455
1604,4.205956184896881
1605,0.09678735712060493
1606,0.7584832596344385
1607,-0.0
1608,-0.0
1609,0.36922721890858157
1610,2.1553748437925027
1611,3.6613671196102775
1612,32.76013893343853
1613,44.8859330100345
1614,11.330269102104566
1615,50.1564239852185
1616,250.2527552362286
1617,520.793663873299
1618,322.720936869361
1619,424.0233802406901
1620,641.5084662330395
1621,695.720128993409
1622,569.093979851946
1623,325.5515238118715
1624,202.44614334052895
1625,172.2449237674242
1626,32.87841735733568
1627,32.59560006890628
1628,4.352188364819242
1629,0.2711553585207359
1630,0.11822350277836968
1631,-0.0
1632,-0.0
1633,0.05317405250473867
1634,7.927668984441848
1635,27.30966210556453
1636,77.45769473027408
1637,164.40859273380408
1638,189.63764693237553
1639,348.5184071710354
1640,659.8991753076531
1641,362.65979745471304
1642,530.291621724141
1643,243.8690117963847
1644,604.8783498616261
1645,601.7684533764052
1646,359.0889742292631
1647,273.465179210084
1648,285.5043511186209
1649,98.23431994706814
1650,87.4749290043748
1651,17.81284196216778
1652,-0.0
1653,0.779289650299202
1654,1.3001101038498406
1655,-0.0
1656,0.011058844672995711
1657,0.10953709606588513
1658,28.698598077564874
1659,18.436360727440857
1660,60.50524937022804
1661,132.209929196885
1662,214.72448994220292
1663,161.00458259044063
1664,566.339240333371
1665,427.78660564882233
1666,612.6451964439327
1667,463.52795898646923
1668,396.8320296446289
1669,389.04046939762156
1670,268.7405736938486
1671,87.31744519116016
1672,317.99037696311046
1673,37.25975829044431
1674,66.55643102962657
1675,14.47456419526952
1676,-0.0
1677,-0.0
1678,-0.0
1679,-0.0
1680,-0.0
1681,-0.0
1682,4.433721008665092
1683,20.56114263594125
1684,81.29417015466011
1685,158.11364039538415
1686,234.55576151977138
1687,316.83375021213527
1688,34.39944445605251
1689,358.8844280432876
1690,287.8224446961831
1691,384.9810846791033
1692,170.9703943529857
1693,452.79975791540204
1694,407.9952394353857
1695,614.8628431943483
1696,201.1795362757647
1697,119.7206284598579
1698,105.65015960982494
1699,47.402380049098305
1700,-0.0
1701,-0.0
1702,0.23716619169135644
1703,-0.0
1704,-0.0
1705,-0.0
1706,-0.0
1707,31.13763185440848
1708,75.36981585975046
1709,130.21416737436448
1710,341.6299755932923
1711,183.62796643757497
1712,658.780140969781
1713,450.20847600878255
1714,363.97688480550596
1715,313.3259324184016
1716,469.40185608059915
1717,696.0646220462614
1718,661.8697305687442
1719,770.9204632335841
1720,164.3930198582495
1721,39.82760990444083
1722,16.4450100274834
1723,54.92573970508814
1724,0.6182546569364916
1725,-0.0
1726,-0.0
1727,-0.0
1728,-0.0
1729,-0.0
1730,13.144506477579013
1731,54.38899937414207
1732,61.98378399468398
1733,167.17455878566196
1734,363.85312089023637
1735,370.4201017370393
1736,421.8613553805459
1737,1039.2206504633712
1738,1683.14084616789
1739,1844.2327031051423
1740,1540.107250498927
1741,948.4181642360845
1742,496.69327541111033
1743,818.1186564829152
1744,212.79874995449214
1745,106.6285066211293
1746,63.34116278853955
1747,37.61633032728669
1748,9.990335633530112
1749,0.26808821223812884
1750,0.043574470103020034
1751,-0.0
1752,-0.0
1753,0.02001869234263059
1754,10.389524060451983
1755,35.74847157813838
1756,95.0337852988778
1757,159.46522899031055
1758,163.09635998147144
1759,152.5493070392421
1760,791.7832998393
1761,865.4020968599575
1762,1081.8479133073554
1763,1112.9774867798844
1764,916.5274985973531
1765,403.96430342820315
1766,394.8234312821379
1767,89.55151305909915
1768,138.0571732171042
1769,76.81624970437323
1770,28.442648579042903
1771,19.959243107299965
1772,5.073135282352918
1773,0.8529973115042179
1774,-0.0
1775,-0.0
1776,-0.0
1777,-0.0
1778,8.158696125238933
1779,18.161185094811145
1780,97.15046861843244
1781,114.00933795689235
1782,173.33130670877384
1783,168.47431899439837
1784,388.2006471303567
1785,438.52037245206657
1786,884.1648067627053
1787,777.4363273407722
1788,568.648861896272
1789,621.1073484277143
1790,363.4497972224819
1791,686.6403608361704
1792,227.75911768343727
1793,86.69780555618371
1794,58.21827370790799
1795,21.328610755160106
1796,14.61952595772123
1797,-0.0
1798,-0.0
1799,-0.0
1800,-0.0
1801,-0.0
1802,9.731635573259332
1803,40.06233988984154
1804,77.70826132434182
1805,144.00612579321142
1806,192.12976208514377
1807,127.5408554614819
1808,180.70335668492362
1809,594.7873647668501
1810,717.1465334677061
1811,623.5350125819583
1812,803.3772129511763
1813,618.7493450211763
1814,549.1447917085874
1815,159.68338259141672
1816,339.5030229252436
1817,132.26299284087872
1818,95.60990141446246
1819,56.14868716097467
1820,10.276395807414284
1821,0.15778833496949465
1822,0.04639777126435183
1823,-0.0
1824,-0.0
1825,-0.0
1826,11.776997412979235
1827,82.27854233654975
1828,73.78482691532597
1829,84.4518930081683
1830,146.11576371520178
1831,204.35757974363412
1832,264.76830124328484
1833,583.0396807700257
1834,377.0884854545637
1835,485.0837983464918
1836,526.4251047718212
1837,378.7620030524465
1838,312.9255943205965
1839,209.3725769397019
1840,79.59432703381412
1841,81.38040516166188
1842,70.59657787577981
1843,36.33059324037232
1844,14.545756162669697
1845,0.7248061529837984
1846,-0.0
1847,-0.0
1848,0.6665018661424083
1849,5.332157950042456
1850,25.51735205865619
1851,23.009898877980756
1852,169.95830410636697
1853,230.97610253966684
1854,417.0876009246658
1855,566.0832557159629
1856,754.1404046811053
1857,718.0901944487683
1858,814.8407170437546
1859,832.4300215219077
1860,856.411882552147
1861,807.7889465317211
1862,603.1878053971329
1863,461.40926201873236
1864,389.69228377821116
1865,286.96954263241446
1866,143.6930174313011
1867,50.09833694559808
1868,8.218483245279627
1869,-0.0
1870,-0.0
1871,-0.0
1872,-0.0
1873,13.228434930319867
1874,41.98268021569715
1875,64.48241638152125
1876,126.54783198687245
1877,222.03805786605156
1878,315.49235448746424
1879,535.2697311144075
1880,632.7692620186461
1881,908.9449326658787
1882,931.7535908833229
1883,218.92652591451096
1884,17.28903294266397
1885,317.0692911068908
1886,565.4453227166399
1887,248.08457748364015
1888,212.12013369546037
1889,59.43612231059492
1890,90.89222642419516
1891,41.03942946511401
1892,3.2744955912224913
1893,0.5215926313381373
1894,0.12968823501782892
1895,0.1961069748136443
1896,6.6723703593933745
1897,7.11339038009282
1898,20.874983426906496
1899,54.857753340674925
1900,50.40962742029581
1901,160.4617500085115
1902,374.4184764271512
1903,555.913358711771
1904,521.6082170426788
1905,783.1310055742199
1906,822.9561333271862
1907,1297.0874697570423
1908,758.1829379404701
1909,656.5105799769965
1910,577.0140985025813
1911,523.5359979399074
1912,345.69661636233263
1913,234.76000847719058
1914,118.29925159665383
1915,51.00436596170659
1916,19.860045605288413
1917,1.840196686276137
1918,0.2692718600190586
1919,-0.0
1920,-0.0
1921,-0.0
1922,42.90777713724006
1923,58.58971528800731
1924,131.78255852320683
1925,90.01136866855255
1926,473.5161466361012
1927,471.2261810295269
1928,776.6606782742814
1929,921.1221055150091
1930,1029.1783513207579
1931,858.3139791602714
1932,890.3484329398249
1933,752.7874558692725
1934,625.6951236098154
1935,517.1004093890134
1936,312.92690474028376
1937,225.74003182576692
1938,136.0022809403531
1939,52.80387789493145
1940,29.69134458409133
1941,-0.0
1942,-0.0
1943,-0.0
1944,-0.0
1945,0.27567129664371043
1946,22.169631983456977
1947,47.66723127536641
1948,130.46271316399697
1949,153.73544960026558
1950,456.66193777940055
1951,622.9492100046706
1952,715.0052806787729
1953,666.3975535437932
1954,846.3613147749174
1955,834.393253495495
1956,602.6516745851179
1957,626.0458325645412
1958,961.4340065319766
1959,134.47038706548847
1960,219.0559468021704
1961,171.56350879075165
1962,247.64616719524548
1963,51.21817265544081
1964,12.470906610373705
1965,-0.0
1966,-0.0
1967,-0.0
1968,-0.0
1969,14.67103981211505
1970,-0.0
1971,-0.0
1972,102.60992013136944
1973,250.4618002629586
1974,285.9997038903901
1975,-0.0
1976,139.89883779067893
1977,44.63381525399857
1978,532.6921916954128
1979,614.3017642071317
1980,604.7646298058368
1981,559.7263529075186
1982,354.3513932279833
1983,461.16588522051813
1984,278.42468453483696
1985,195.03804224478688
1986,19.07724316715301
1987,37.66591405550562
1988,15.655691309023492
1989,10.376678920454797
1990,-0.0
1991,-0.0
1992,0.4740119710621249
1993,-0.0
1994,-0.0
1995,-0.0
1996,7.142474391358555
1997,31.673850010647975
1998,147.22170734366549
1999,127.7059941073061
2000,262.9063448761474
2001,251.27476582451618
2002,412.09968781129373
2003,517.4518292753542
2004,628.220314534664
2005,277.4242999220761
2006,322.0310181535363
2007,662.509925947457
2008,421.0563962264327
2009,214.07278589901503
2010,96.65602729490128
2011,69.1188080728635
2012,7.309916132971594
2013,0.5499324752888444
2014,23.530878459530946
2015,0.10145174554839155
2016,-0.0
2017,-0.0
2018,13.952749963493803
2019,55.44552646479847
2020,101.97268666914763
2021,247.5145191460834
2022,397.42406462882985
2023,599.9760327176448
2024,942.7572445585674
2025,965.0425395533524
2026,1086.2175213457244
2027,1070.3570027836063
2028,1042.1399857698384
2029,838.0099339339376
2030,506.4343562330137
2031,390.797407596275
2032,323.68587283387296
2033,235.57856843099768
2034,0.265347030093394
2035,-0.0
2036,-0.0
2037,-0.0
2038,5.422567911831202
2039,2.463584136266077
2040,-0.0
2041,-0.0
2042,12.362723888399696
2043,51.38918808387869
2044,102.19898726994897
2045,199.37852528823538
2046,286.53603403651607
2047,677.5409373968427
2048,869.2039199841213
2049,126.48651496452743
2050,-0.0
2051,284.2742339774529
2052,181.48113486893283
2053,759.8475876409813
2054,653.9497432355525
2055,619.4138303306462
2056,194.8423732773202
2057,213.49792330235684
2058,299.3970355528769
2059,70.53135773282881
2060,23.80681062060298
2061,2.4399464801453834
2062,2.4295886631019377
2063,1.1038716455465492
2064,0.36175768419269017
2065,1.401915691713158
2066,16.485684680198258
2067,68.28994213917646
2068,89.88253689458642
2069,-0.0
2070,53.504057445812286
2071,164.41280520628956
2072,135.3854108159651
2073,171.70608303016118
2074,256.33051398460736
2075,270.4654603903203
2076,419.22030103923396
2077,314.0783644835735
2078,234.1715151497396
2079,434.4882517183519
2080,141.47636156742197
2081,55.99743703292759
2082,46.42305347503421
2083,24.440254429535113
2084,32.89432655564216
2085,-0.0
2086,-0.0
2087,5.324453027864028
2088,4.257282933886467
2089,-0.0
2090,24.370329439757654
2091,7.477815139969934
2092,-0.0
2093,31.995295369632274
2094,93.669162517936
2095,139.33805125426207
2096,191.04475411384513
2097,268.22295820959005
2098,190.95591582073038
2099,140.40295530312196
2100,138.30640844253927
2101,149.35733426560347
2102,257.87918573546756
2103,305.08706686475415
2104,157.0222394841896
2105,124.81642384411518
2106,59.75935785676568
2107,42.888950570960425
2108,7.6992340411845595
2109,-0.0
2110,0.22390676910634527
2111,0.3123809606686595
2112,0.8951403298544965
2113,45.21774904984106
2114,28.500831634331927
2115,63.67264758294814
2116,85.87267194065156
2117,123.53974028595539
2118,-0.0
2119,109.45834586871766
2120,259.90156811402915
2121,693.2502866920213
2122,865.8703435756598
2123,830.9319909744089
2124,707.2153378452404
2125,554.9866972188636
2126,621.0785180723541
2127,587.183226715378
2128,394.43240040730706
2129,-0.0
2130,197.0338116129789
2131,103.57279371950347
2132,43.772006764934
2133,53.221512672751764
2134,48.1522303431058
2135,-0.0
2136,50.822633584832346
2137,25.206107751977573
2138,35.01079480991809
2139,31.697621465467616
2140,173.2058252203348
2141,229.02828480313968
2142,17.769202169967183
2143,74.98945597343062
2144,17.46158355129254
2145,137.72234476491525
2146,635.1652128380365
2147,821.0321090440707
2148,894.1904664288696
2149,644.9406830530816
2150,446.2079633128742
2151,170.72581256114694
2152,154.90880398758551
2153,91.14919949308079
2154,138.0924349869008
2155,35.904056941686385
2156,23.843431147126584
2157,2.706594663239424
2158,2.4666165240747775
2159,2.3615807270311606
